CustomerId,CompanyCode,CustomerCode,CustomerName,City,PostalCode,Street,Telephone,GSTNo,SalesOrganisation,Dist_Channel,Division,SalesOffice,SalesGroup,Region,RegionDescription,LicenseNumber,ValidityOfLicense,Ship_To_Party,TM,Emp_Name,Plant
3914,1049,AGKKD2626,KRISHNAKANTA DAS,COOCHBEHAR,736171,"CHHOTOSHIMULGURI, P.O.-GHOKSAD",9635389163,19AYHPD1772F1ZI,AG01,01,VG,D010,897,25,West Bengal,,NULL,AGKKD2626,25030008,NULL,
3915,1049,AGRDP2423,RAHUL DEV PANDEY,"GREATER NOIDA WEST,TECH Z",764073,"#2243,BLUEBELL TOWER,GAUR SAUN",9650436600,,AG01,01,25,,,24,Uttar Pradesh,,NULL,AGRDP2423,00000000,NULL,
3916,1049,AGFP2310,FARMERS POINT,AGARTALA,799001,"1ST FLOOR,OPP:AMULYA MARKET,MA",7005080261,16AQWPN8916A1ZH,AG01,01,VG,D010,897,23,Tripura,,NULL,AGFP2310,25030008,NULL,
3917,1049,AGJLS2111,JAWAHAR LAL SINGH,BHOJPUR,802133,PURANA BHOJPUR,7654700941,10AABHJ1932K1ZP,AG01,01,VG,D008,802,04,Bihar,,NULL,AGJLS2111,25025315,NULL,
3918,1049,AGSAC184,SHAKTHI AGRO CHEMICALS,"PURNIA, B.H.",854315,"Gulab Bagh,Baisi,Baisi,Purnia",9931419617,10AKSPB7422M1Z5,AG01,01,VG,D008,611,04,Bihar,,NULL,AGSAC184,25003487,NULL,
3919,1049,AGKKB097,KISHAN KHAD BEEJ BHANDAR,"DHOLI, B.H.",843105,"Near Railway Station, ,Dholi S",9934644011,10MERPK5421A1ZS,AG01,01,VG,D008,612,04,Bihar,,NULL,AGKKB097,25003487,NULL,
3920,1049,AGAC321,AGRICULTURE CENTER,"ROHTAS, B.H.",821115,"DHARMSHALA ROAD,SASARAM ,ROHTA",9470057900,10AJHPK4395A1ZO,AG01,01,VG,,,04,Bihar,,NULL,AGAC321,25025315,NULL,
3921,1049,AGMDK1555,MAA DURGE KISAN SEWA KENDRA,MUZAFFARPUR,843117,"KOILI BHARAV,TENGARAHA,",9934895103,10BBMPK2069P1ZD,AG01,01,VG,D008,612,04,Bihar,,NULL,AGMDK1555,25003487,NULL,
3922,1049,AGMKB2633,MAA BHAWANI KHAD BIJ BHANDAR,MUZAFFARPUR,843126,"001, SARAIYA, SARAIYA, MUZAFFA",9470270463,10CIVPK5034M1ZZ,AG01,01,VG,D008,612,04,Bihar,,NULL,AGMKB2633,25003487,NULL,
3923,1049,AGGRV2406,GADI RAVI,"DOULTABAD,DOMMAT",502247,"7-30,GAJULAPALLY",7702256566,,AG01,01,25,,,01,Andhra Pradesh,,NULL,AGGRV2406,00000000,NULL,
3924,1049,AGSNRK1061,SETH SHEO NARIAN RAM KANWAR,"NARNAUL, HR",123001,NARNAUL,8901012383,,AG01,01,25,,,07,Haryana,,NULL,AGGRV2406,00000000,NULL,
3925,1049,AGKKS2699,KISAN KRISHI SEWA KENDRA-SATNA,SATNA,485226,NEAR BUS STAIND,9589247600,23ANXPT9121B1ZS,AG01,01,25,,,12,Madhya Pradesh,,NULL,AGKKS2699,00000000,NULL,
4041,1049,AGKAM1973,KOSHI AUTOMOBILES,"NEAR BUS STAND ,SUPAUL",852109,"SH-76,PIPRA ROAD",9973286491,10AALFK9014B1ZW,AG01,01,25,D008,611,04,Bihar,,NULL,AGKAM1973,25003487,NULL,
4060,1049,AGVFP2029,VENKATESHWARA FERTILIZERS AND PESTI,"NARAYANPET ,MAKTHAL",509208,NEHRU GUNJ ROAD,9440590516,36ALTPM0077H1ZR,AG01,01,25,D006,589,36,Telangana,,NULL,AGVFP2029,23146661,NULL,
4147,1049,AGMSP1012,MAHALAKSHMI SEEDS & PESTICIDES,"KURNOOL DIST., AP",518401,"M.G.ROAD, NANDIKOTKUR",9502424274,,AG01,01,25,D005,567,01,Andhra Pradesh,N.GOPAL KRISHNA,NULL,AGMSP1012,25007622,NULL,
4148,1049,AGSVAA1016,SRI SHIVAKUMAR AGRO CENTER,"DAVANGERE, KA",577001,"SHOP NO.109/88, OPP.UMIYA MAND",7353547954,29AIPPN3049P1ZC,AG01,01,25,D007,807,10,Karnataka,N.GOPAL KRISHNA,NULL,AGSVAA1016,25023100,NULL,
4293,1049,AGLAA1827,LAXMI AGRO AGENCY,PALGHAR,401403,"MANOR,TAKWAHAL",9960640518,27AMCPS2451B1ZD,AG01,01,25,D002,838,13,Maharashtra,N.GOPAL KRISHNA,NULL,AGLAA1827,25009350,NULL,
4304,1049,AGVFS1772,VTR FARM SEEDS,"UTHUKOTTAI,THIRUVALLUR",602026,"NO.46, NAGALAPURAM ROAD",9940734095,33AOKPT4179D1ZQ,AG01,01,25,D015,901,22,Tamil Nadu,N.GOPAL KRISHNA,NULL,AGVFS1772,23151892,NULL,
4315,1049,AGMKK1820,MAA KRISHI KENDRA,"MAARPUR,BANKA",813108,KUSHMAHA,9661925295,,AG01,01,25,D008,802,04,Bihar,N.GOPAL KRISHNA,NULL,AGMKK1820,25015488,NULL,
4334,1049,AGSAS1324,SHIV AGRO SALES,JIND,126112,"OLD GRAIN MARKET, SAFIDON",9068363202,,AG01,01,25,D013,536,07,Haryana,75/7425,NULL,AGSAS1324,25003487,NULL,
4335,1049,AGSKT1355,SHREE KAMESHWARI TRADERS,NIZAMABAD,503001,NAMDEVWADA,9248032139,,AG01,01,25,D006,668,36,Telangana,75/7425,NULL,AGSKT1355,25007313,NULL,
4336,1049,AGDKB1354,DURGA KHAD BEEJ BHANDAR,MUZAFFAPUR,843128,"NEKNAMA BLOCK,MINAPUR,",9934285209,10BQTPD6916Q3ZA,AG01,01,25,D008,612,04,Bihar,75/7425,NULL,AGDKB1354,25003487,NULL,
4337,1049,AGGKS1326,GUPTA KHAD STORE,AMBALA,133203,"SHOP NO.19,NEW GRAIN MANDI,MUL",9813175511,,AG01,01,25,D013,536,07,Haryana,75/7425,NULL,AGGKS1326,25003487,NULL,
4338,1049,AGNCK1308,NEW CHOUNDHARY KHAD BHANDAR,CHANDHAT,121102,"CHANDDHAT CHOWK,ALIGARH ROAD,C",9671454428,,AG01,01,25,D013,536,07,Haryana,75/7425,NULL,AGNCK1308,25003487,NULL,
4340,1049,AGSA1325,SAI AGROS,NASIK,422606,"DAPUR,SINNAR,SINNAR,NASIK",9850309240,,AG01,01,25,D002,562,13,Maharashtra,75/7425,NULL,AGSA1325,25003487,NULL,
4341,1049,AGSCA1362,SHREE CHAITANYA AGRO ENTERPRISES,Pune,413102,"Gunawadi Road, Baramati",8007946040,,AG01,01,25,D002,562,13,Maharashtra,75/7425,NULL,AGSCA1362,25003487,NULL,
4342,1049,AGBKS1357,BALAJI KRISHI SEVA KENDRA,Jalna,431114,Bhokardan,9764945822,,AG01,01,25,D002,562,13,Maharashtra,75/7425,NULL,AGBKS1357,25003487,NULL,
4343,1049,AGGKK1319,GIRNAI KRISHI KENDRA,JALGAON,425103,"H.NO.37, KARAUDINJI NAGAR,",9850641017,,AG01,01,25,D002,562,13,Maharashtra,75/7425,NULL,AGGKK1319,25009217,NULL,
4344,1049,AGSDS1315,SHRI SADGURU SEEDS,PUNE,411037,"136/4, BHADALE WASTI,URULI-DEW",9422079993,27ACTFS3019E1ZY,AG01,01,25,D002,894,13,Maharashtra,75/7425,NULL,AGSDS1315,25004798,NULL,
4345,1049,AGPE1303,PANDA ENTERPRISES,SAMBALPUR,768005,SAMBALPUR,9777356328,,AG01,01,25,D004,689,18,Odisha,75/7425,NULL,AGPE1303,25009217,NULL,
4347,1049,AGSKV1382,SUNIL KRISHI VIKAS,SOLAPUR,413202,KARMALA,9423526941,,AG01,01,25,D002,562,13,Maharashtra,75/7425,NULL,AGSKV1382,25009217,NULL,
4348,1049,AGBKS1381,BHUSHAN KRUSHI SEVA KENDRA,NANDURBAR,425426,NAVAPUR,9421533208,,AG01,01,25,D002,562,13,Maharashtra,75/7425,NULL,AGBKS1381,25009217,NULL,
4349,1049,AGAKS1358,AVDHUT KRUSHI SEVA KENDRA,NASIK,422306,"Near Mahadeo Mandir,",9822881067,,AG01,01,25,D002,562,13,Maharashtra,75/7425,NULL,AGAKS1358,25009217,NULL,
4350,1049,AGBKP1383,"BHAGWAN KRUSHI PRODUCER CO. LTD.,",AURANGABAD,431105,PAITHAN,,,AG01,01,25,D002,562,13,Maharashtra,75/7425,NULL,AGBKP1383,25009217,NULL,
4351,1049,AGAKSS1380,ASHISH KRUSHI SEVA KENDRA,DHULE,424305,SAKRI,9881803130,,AG01,01,25,D002,562,13,Maharashtra,75/7425,NULL,AGAKSS1380,25009217,NULL,
4352,1049,AGGF1310,GREENVISION FARMERS PRODUCERS CO. L,NASHIK DIST,422103,SINNER,8055094141,,AG01,01,25,D002,562,13,Maharashtra,75/7425,NULL,AGGF1310,25009217,NULL,
4353,1049,AGBKP1311,BHOJAPUR KHORE POMOGRANATE PRODUCER,NASHIK DIST,422606,SINNER,9594948960,,AG01,01,25,D002,562,13,Maharashtra,75/7425,NULL,AGBKP1311,25009217,NULL,
4354,1049,AGSAB1359,SHREE AAI BHAGWATI KRUSHI SEVA KEND,NASIK,423501,"Shop No.1 & 4, GPH No.866,Dind",9881913968,,AG01,01,25,D002,562,13,Maharashtra,75/7425,NULL,AGSAB1359,25009217,NULL,
4355,1049,AGFAS1297,RUBI AGRO SALES TRADING,SIROHI,307513,"DADAWADI MARKET,MANDAR,",9982430647,,AG01,01,25,D014,699,20,Rajasthan,75/7425,NULL,AGFAS1297,25009217,NULL,
4356,1049,AGSKB1298,SHAKYA KHAD BHANDAR,MAINPURI,205001,HASANPUR ROAD,9411251492,,AG01,01,25,D012,695,24,Uttar Pradesh,75/7425,NULL,AGSKB1298,25005079,NULL,
4357,1049,AGSRE1299,SHRI RENUKADEVI ENTERPRISES,HAVERI,581110,HAVERI,9945611389,,AG01,01,25,D007,807,10,Karnataka,75/7425,NULL,AGSRE1299,25005079,NULL,
4358,1049,AGSST1300,SHRI SOMESHWAR TRADERS,HAVERI,581118,SAVANUR,7406072421,,AG01,01,25,D007,807,10,Karnataka,75/7425,NULL,AGSST1300,25005079,NULL,
4359,1049,AGBF1301,BANSAL FERTILISERS,ALIGARH,202145,"NAZIHAI BAZAR,",9412654134,,AG01,01,25,D012,523,24,Uttar Pradesh,75/7425,NULL,AGBF1301,25005079,NULL,
4360,1049,AGDKBB1302,DIVYA KHAD BEEJ BHANDAR,KAROULI,322241,KAROULI,9887474582,,AG01,01,25,D014,616,20,Rajasthan,75/7425,NULL,AGDKBB1302,25005079,NULL,
4363,1049,AGDKK1306,DHANRAJ KRISHI KENDRA,KANKER,494777,"BANOLE BAZAR,",9406401803,,AG01,01,25,D001,686,33,Chhattisgarh,75/7425,NULL,AGDKK1306,25018655,NULL,
4364,1049,AGMAC1307,MMC AGRO CORPORATION,MYSORE,570024,"#414, Devamba Agrahara,Veenese",9448596327,,AG01,01,25,D007,691,10,Karnataka,75/7425,NULL,AGMAC1307,25018655,NULL,
4365,1049,AGTVS1309,THENKOODU VIVASAYA SEVAI MAIYAM,E-RODE,638505,"KALLIPATTI, GOBI",9942555081,,AG01,01,25,D015,593,22,Tamil Nadu,75/7425,NULL,AGTVS1309,25018655,NULL,
4366,1049,AGKAK1312,KALAMESHWAR AGRO KENDRA,BIJAPUR,586128,SINDAGI,9620319386,,AG01,01,25,D007,700,10,Karnataka,75/7425,NULL,AGKAK1312,25018655,NULL,
4369,1049,AGVA1316,VARUN AGENCIES,WARANGAL,506002,"SEETARAMA COMPLEX, STATION ROA",7893521266,,AG01,01,25,D006,592,36,Telangana,75/7425,NULL,AGVA1316,25018655,NULL,
4370,1049,AGSLF1317,SRI LAXMI FERTILISERS & GENERAL MER,KHAMMAM,507123,YELLANDU,9849511027,36ADEPV8293P1ZF,AG01,01,25,D006,592,36,Telangana,75/7425,NULL,AGSLF1317,25018935,NULL,
4715,1049,AGSTP1852,SURYA TEJA POWER PROJECTS PVT LTD,MAHABOOBNAGAR,509125,"BOOCHPALLY,ITIKYALA",7947427082,36AABCV0042M1ZE,AG01,01,25,D017,662,36,Telangana,N.GOPAL KRISHNA,NULL,AGSTP1852,23115466,NULL,
4818,1049,AGRKS1710,RAITAMITRA KRUSHI SEVA KENDRA,"JAMKHAND,BAGALKOT",586126,TUNGAL,8748881084,,AG01,01,25,D007,807,10,Karnataka,,NULL,AGRKS1710,25001391,NULL,
4819,1049,AGOAA1712,OM AGRO AGENCIES,"BAGLAN,Nashik",423302,"GHB NO.662/1, MAIN ROAD,MUIHER",9921689927,,AG01,01,25,D002,562,13,Maharashtra,,NULL,AGOAA1712,25015864,NULL,
4823,1049,AGPKK1823,PANDEY KRISHI KENDRA,"BELHAR,BANKA",813202,DEOGHAR ROAD,,,AG01,01,25,D008,802,04,Bihar,,NULL,AGPKK1823,25015488,NULL,
4834,1049,AGMKB1785,MANOJ KHAD BEEJ BHANDAR,ARARIA,854325,PAIKTOLA,9939217611,10EAHPS9972N2ZU,AG01,01,25,D008,611,04,Bihar,,NULL,AGMKB1785,23117667,NULL,
4835,1049,AGSRK1786,SHRI RAM KRISHI SEVA KENDRA,"DALSINGHRARI,SAMSTRIPUR",848114,GHATNAWADA,9546471434,10BVHPK1425N1ZR,AG01,01,25,D008,612,04,Bihar,,NULL,AGSRK1786,23117667,NULL,
4946,1049,AGSE1793,SUNEETHA ENTERPRISES,"DUGGIRALA,GUNTUR",522302,"REVENDRAPADU,",9989137365,,AG01,01,25,D005,565,01,Andhra Pradesh,,NULL,AGSE1793,25020249,NULL,
5045,1049,AGARP2673,AGROS RYTHU SEVA KENDRAM-PULKAL,PULKAL,502293,37036,9705502073,36AXCPG1445J1ZN,AG01,01,25,D006,690,36,Telangana,,NULL,AGARP2673,25009433,NULL,
5107,1049,AGGAI1916,GAYATRI AGRO INDUSTRIAL POWER LIMIT,NALGONDA,508376,"CHEEKATIGUDEM ,KETHEPALLY",,36AABCG4892N1Z1,AG01,01,25,L025,,36,Telangana,75/7425,NULL,AGGAI1916,25019496,NULL,
5108,1049,AGABB1390,AGRAWAL BEEJ BHANDAR,PRATAPGARH,312604,CHOTTI SADANI,9414436314,,AG01,01,25,D014,699,20,Rajasthan,75/7425,NULL,AGABB1390,25020388,NULL,
5147,1049,AGUCK1818,UNNAT CROP KENDRA,"UCHKAGAON, GOPALGANJ",841438,ASANDAPUR,9631890074,10BFTPK0818M2ZA,AG01,01,25,D008,806,04,Bihar,75/7425,NULL,AGUCK1818,25009551,NULL,
5149,1049,AGSSF1854,SRI SRINIVASA FERTILISERS,"GANDHI CHOWK,WANAPARTHYMA",111111,"D.NO.22-71,GANDHI CHOWK",9866600150,,AG01,01,25,D006,589,36,Telangana,75/7425,NULL,AGSSF1854,25007622,NULL,
5172,1049,AGSTS2678,SACHIEN TRADERS,NIRMAL,504106,5-11-51/11/A1,9848415402,36ABSPG4830H1ZI,AG01,01,25,D006,668,36,Telangana,,NULL,AGSTS2678,25019750,NULL,
5174,1049,AGSVR2592,SRI VENKATESWARA RYTHU DEPORT,SALUR,535591,TS NO 162/2,9182208005,37ASRPC7574N1ZU,AG01,01,25,D005,565,01,Andhra Pradesh,,NULL,AGSVR2592,23114467,NULL,
5178,1049,AGBBP2405,BHAGWAN BHOMA PATIL,PAROLA,425111,SHANI MANDIR CHAUK,9730047979,,AG01,01,25,D017,662,13,Maharashtra,,NULL,AGBBP2405,25004382,NULL,
5185,1049,AGPT1816,PRABHU TRADERS,SIWAN,841226,"BARHARIA ROAD,SIWAN,",9931970656,10BTOPK3164P1ZC,AG01,01,25,D008,806,04,Bihar,N.GOPAL KRISHNA,NULL,AGPT1816,25009551,NULL,
5186,1049,AGST1819,SHIV TRADERS,GOPALGANJ,841428,"MANIKPUR,GOPALGANJ",7761810626,10DPXPS6865G1Z6,AG01,01,25,D008,806,04,Bihar,N.GOPAL KRISHNA,NULL,AGST1819,25009551,NULL,
5187,1049,AGLSC1821,LAXMI SEEDS CORPORATION,"BASANTPUR,SIWAN",841406,NEAR MAHINDRA AGENCY,8228009652,10BKUPS7020P1ZL,AG01,01,25,D008,806,04,Bihar,N.GOPAL KRISHNA,NULL,AGLSC1821,25022824,NULL,
5188,1049,AGHKK1822,HINDUSTAN KRISHI KENDRA,"BASANTPUR,SIWAN",841428,THANA ROAD,9430230920,10BCPPP2914Q1Z3,AG01,01,25,D008,614,04,Bihar,N.GOPAL KRISHNA,NULL,AGHKK1822,25022824,NULL,
5189,1049,AGBKK1824,BHARAT KRISHI KENDRA,"HUSSAINI,KESARIA,EAST CHA",845423,PS DUMARIAGHAT,9304060113,10AUOPR7746N1ZW,AG01,01,25,D008,612,04,Bihar,N.GOPAL KRISHNA,NULL,AGBKK1824,25003487,NULL,
5190,1049,AGGSA1825,GREEN SEEDS AGRO,"MOHADDINAGAR,HALSI,LAKHIS",811315,PREMDIHA,9572272538,10BZFPA5338C1Z6,AG01,01,25,D008,802,04,Bihar,N.GOPAL KRISHNA,NULL,AGGSA1825,25025315,NULL,
5192,1049,AGPKVB1829,PATEL KHAD VEEJ BHANDAR,"BAYANA,BHARATPUR",321401,NEAR GADHI CHOWK,7665288943,08AMQPH4290R1Z4,AG01,01,25,D014,616,20,Rajasthan,N.GOPAL KRISHNA,NULL,AGPKVB1829,25015488,NULL,
5193,1049,AGSBA1830,SRI BALAJI AGRO TRADERS,"DESIKA ROAD,NEAR JAGANMOH",570024,"NO.267/D1-1,DESIKA ROAD,",9448479069,29ACTFS2341F1ZT,AG01,01,25,D007,691,10,Karnataka,N.GOPAL KRISHNA,NULL,AGSBA1830,25015488,NULL,
5194,1049,AGCCS1831,CROP CARE SUPPLIES,"NIRESHWALLYA ROAD,BUNDER,",575001,SUPARIWALA BUILDING,9448137091,29ABEPJ7444E1ZM,AG01,01,25,D007,691,10,Karnataka,N.GOPAL KRISHNA,NULL,AGCCS1831,25015488,NULL,
5195,1049,AGSUK1832,SONEBHADRA URBARAK KENDRA,SONBHADRA,231216,"PANNUGANJ ROAD,ROBERTSGANJ",8005208200,09AFFFS3912P1ZF,AG01,01,25,D011,534,24,Uttar Pradesh,N.GOPAL KRISHNA,NULL,AGSUK1832,23148663,NULL,
5196,1049,AGGE1834,GANESH ENTERPRISES,"STATION ROAD,BUXAR",802101,JYOTI CHOWK,9431420171,10AATFG2763K1Z7,AG01,01,25,D008,802,04,Bihar,N.GOPAL KRISHNA,NULL,AGGE1834,23148663,NULL,
5199,1049,AGABB1837,ANSARI BEEJ BHANDAR,"DEVNAGAR,SURAJPUR",497333,MAIN ROAD,7999490126,,AG01,01,25,D001,688,33,Chhattisgarh,N.GOPAL KRISHNA,NULL,AGABB1837,25009510,NULL,
5200,1049,AGJS1840,JAGANNATH STORE,BARGARH,768027,ATTABIRA,9437201099,21AICPM6774B1ZL,AG01,01,25,D004,689,18,Odisha,N.GOPAL KRISHNA,NULL,AGJS1840,25009510,NULL,
5201,1049,AGSSS1841,SHARMA SEED STORE,"SEMILIGUDA,KORAPUT",764037,NANDAPUR,9439075333,21CWSPS1687P1ZI,AG01,01,25,D004,842,18,Odisha,N.GOPAL KRISHNA,NULL,AGSSS1841,25013367,NULL,
5202,1049,AGVBB1843,MAA VAISHNAVI BEEJ BHANDAR,12,835210,"BAZARTANK,KHUNTI",8709840512,20BACPM9358L1ZG,AG01,01,25,D009,837,34,Jharkhand,N.GOPAL KRISHNA,NULL,AGVBB1843,25011742,NULL,
5203,1049,AGNVS1844,NEW VASUNDHARA SEEDS,BHUNDU,825301,HOSPITAL ROAD,9431171688,20BDMPS2705J1ZL,AG01,01,25,D009,693,34,Jharkhand,N.GOPAL KRISHNA,NULL,AGNVS1844,25011742,NULL,
5204,1049,AGKAA1846,KUSHWAHA AGRO AGENCY,"BEHIND OLD JAIL ROAD,GIRI",825301,20 Nagar Nigam Market,9431192092,20BNDPK3958C1ZF,AG01,01,25,D009,693,34,Jharkhand,N.GOPAL KRISHNA,NULL,AGKAA1846,25012020,NULL,
5205,1049,AGSAT1847,SAI AGRO TECH,"MAROBADI,RANCHI",834008,"01,VIBHA APARTMENT,HARIHARR SI",7004477108,20CZJPK9893H1ZW,AG01,01,25,D009,693,34,Jharkhand,N.GOPAL KRISHNA,NULL,AGSAT1847,25012020,NULL,
5209,1049,AGCKB1853,CHAURASIYA KHAD BHANDAR,"MAHARAJAGANJ,MAHARAJAGANJ",273163,SABYA SISWA BAZAR,9129216100,09AFPPA9614J1Z3,AG01,01,25,D011,531,24,Uttar Pradesh,N.GOPAL KRISHNA,NULL,AGCKB1853,25004798,NULL,
5236,1049,AGMKC1320,MAA KRISHI CLINIC,ASHOK NAGAR,473331,ASHOK NAGAR,7697277888,,AG01,01,25,D003,547,12,Madhya Pradesh,75/7425,NULL,AGMKC1320,25018935,NULL,
5237,1049,AGJBT1321,JAI BALAJI TRADERS,MAINPURI,205304,"ETAWAH ROAD KUSHMARA, NEW KISH",9627194227,,AG01,01,25,D012,695,24,Uttar Pradesh,75/7425,NULL,AGJBT1321,25018935,NULL,
5239,1049,AGVF1323,VIRENDRA FERTILSIERS,CHANDAUSI,244412,CHANDAUSI,9837082881,,AG01,01,25,D012,523,24,Uttar Pradesh,75/7425,NULL,AGVF1323,25018935,NULL,
5241,1049,AGOFS1328,ORIZER FARM SOLUTIONS,AURANGABAD,824101,BYPASS CHOWK,7033395577,,AG01,01,25,D008,614,04,Bihar,75/7425,NULL,AGOFS1328,25018935,NULL,
5242,1049,AGGYB1329,GAYATRI YOGI BEEJ BHANDAR," ETAH",207247,"SARAI ROAD,ALIGANJ,",9410808138,,AG01,01,25,D012,523,24,Uttar Pradesh,75/7425,NULL,AGGYB1329,25018935,NULL,
5243,1049,AGKHB1330,KISSAN KHAD BEEJ BHANDAR,MEWAT,122105,TAURU,9813025920,,AG01,01,25,D013,536,07,Haryana,75/7425,NULL,AGKHB1330,25018935,NULL,
5245,1049,AGAKB1332,ALOK KHAD BHANDAR,MAHINDRAGADH,123027,KANINA,9416089660,,AG01,01,25,D013,536,07,Haryana,75/7425,NULL,AGAKB1332,25018935,NULL,
5246,1049,AGVKB1333,VERMA KHAD BHANDAR,SHANJANPUR,242221,"MIRZAPUR,JALALABAD,",9450440173,,AG01,01,25,D019,695,24,Uttar Pradesh,75/7425,NULL,AGVKB1333,25001396,NULL,
5248,1049,AGJKB1335,JAI KISHAN BEEJ BHANDAR,MAINPURI,205265,KURAWALI,9761608873,,AG01,01,25,D012,695,24,Uttar Pradesh,75/7425,NULL,AGJKB1335,25018935,NULL,
5249,1049,AGAAC1336,ARPIT AGRI CLINIC & AGRI BUSINESS,ETAH,207001,SHITALPUR,9412066254,,AG01,01,25,D012,523,24,Uttar Pradesh,75/7425,NULL,AGAAC1336,25004976,NULL,
5250,1049,AGRC1337,RAKESH & COMPANY,MAHENDRAGARH,123021,ATELI MANDI,9416417537,,AG01,01,25,D013,536,07,Haryana,75/7425,NULL,AGRC1337,25004976,NULL,
5251,1049,AGSRB1338,SHREE RAM BEEJ BHANDAR,MEWAT,122104,FIROJPUR JHIRKA,9416195192,,AG01,01,25,D013,536,07,Haryana,75/7425,NULL,AGSRB1338,25004976,NULL,
5254,1049,AGSSB1341,SHREE SHYAM BEEJ BHANDAR,GURGAON,122413,PATODI,9416236505,,AG01,01,25,D013,536,07,Haryana,75/7425,NULL,AGSSB1341,25004976,NULL,
5255,1049,AGBC1342,"BHUPESH & CO.,",REWARI,123501,"STATION ROAD,BAWAL,",9416349409,,AG01,01,25,D013,536,07,Haryana,75/7425,NULL,AGBC1342,25004976,NULL,
5256,1049,AGCBB1344,CHAUHAN PESTICIDES,Amroha,244102,Patai Khalsa,9917562220,,AG01,01,25,D012,523,24,Uttar Pradesh,75/7425,NULL,AGCBB1344,25004976,NULL,
5257,1049,AGDKS1345,DURGESH KRISHI SURAKSHA KENDRA,MAENGALGANJ,261505,"MAENGAL GANJ, METTAULI",9936624055,,AG01,01,25,D019,695,24,Uttar Pradesh,75/7425,NULL,AGDKS1345,25001396,NULL,
5258,1049,AGKBB1346,KRISHNA BEEJ AGENCY,MAINPURI,206303,"BIDHUNA CHAURAHA,NEAR PETROL P",9557010474,,AG01,01,25,D012,526,24,Uttar Pradesh,75/7425,NULL,AGKBB1346,25004976,NULL,
5262,1049,AGKKS1351,KAPILA KRISHI SEWA KENDRA,UNA,174301,"Santosh Ghar,Santosh Ghar,",9318926764,,AG01,01,25,D013,536,07,Haryana,75/7425,NULL,AGKKS1351,25004976,NULL,
5263,1049,AGSLV1352,SRI LAKSHMI VENKATESWARA TRADERS,MAHABOOBNAGAR,509412,"MAIN ROAD,PEDDAKOTHAPALLY,",7702493799,,AG01,01,25,D006,589,36,Telangana,75/7425,NULL,AGSLV1352,25004976,NULL,
5264,1049,AGRRF1353,RAJA RAJESHWARA FERTILISERS,NIZAMABAD,503120,LINGAMPET,9441424273,,AG01,01,25,D006,668,36,Telangana,75/7425,NULL,AGRRF1353,25004976,NULL,
5265,1049,AGDT1356,DEEP TRADERS,MAHABOOBNAGAR,509324,"Opp. Bus Stand,Kalwakurthy,",9440829499,36AACFD5007C1Z3,AG01,01,25,D006,589,36,Telangana,75/7425,NULL,AGDT1356,25007622,NULL,
5266,1049,AGSPC1343,SAISHRAM PESTICIDES & CHEMICALS,NASIK,423117,"WADALIBHOI, CHANDWAD",9850998104,,AG01,01,25,D002,562,13,Maharashtra,75/7425,NULL,AGSPC1343,25007622,NULL,
5267,1049,AGSLR1360,SOHAN LAL RAMESH CHANDRA SONI,Neemuch,458330,Zawad,9926861422,,AG01,01,25,D003,547,12,Madhya Pradesh,75/7425,NULL,AGSLR1360,23151177,NULL,
5268,1049,AGPBT1361,PAUL BHAI TRADING,Kanker,494776,"PV No.53, Anand Nagar,Gondahur",9407660488,,AG01,01,25,D001,870,33,Chhattisgarh,75/7425,NULL,AGPBT1361,25008933,NULL,
5269,1049,AGAPK1363,KRISHI PARAMARSH KENDRA,RAJNANDGAON,491229,"NEAR ALLAHABAD BANK,TAHISHIL,",9406066046,22APRPA2955C1Z9,AG01,01,25,D001,870,33,Chhattisgarh,75/7425,NULL,AGAPK1363,25012128,NULL,
5270,1049,AGSKB1364,SINHA KHAD BHANDAR,KONDAGAON,494228,FARASGAON,7697116640,,AG01,01,25,D001,686,33,Chhattisgarh,75/7425,NULL,AGSKB1364,23151177,NULL,
5272,1049,AGNJ1366,NIRMAN JAGAT,SAMASTIPUR,848125,"VISHWANATH COMPLEX,NAYATOLA, M",9726144244,10ARNPK8572H1ZL,AG01,01,25,D008,612,04,Bihar,75/7425,NULL,AGNJ1366,25003487,NULL,
5273,1049,AGNKT1367,NEW KAMNA TRACTORS,KAIMUR,821109,MOHANIA,9934733247,,AG01,01,25,D008,614,04,Bihar,75/7425,NULL,AGNKT1367,25003487,NULL,
5275,1049,AGBAA1370,BASAVESHWARA AGRO AGENCIES,CHITRADURGA,577501,CHITRADURGA,9901763691,,AG01,01,25,D007,691,10,Karnataka,75/7425,NULL,AGBAA1370,25019060,NULL,
5276,1049,AGSMT1371,SHRI MAILARILINGESHWARA AGRO TRADER,HAVERI,581148,"NO-2, MAIN ROAD,GRAMPANCHAYATI",9972604946,,AG01,01,25,D007,807,10,Karnataka,75/7425,NULL,AGSMT1371,25019060,NULL,
5277,1049,AGUC1372,"UGALATAD & CO.,",GADAG,582101,"PLOT NO.121,APMC YARD,GADAG",9449188379,,AG01,01,25,D007,700,10,Karnataka,75/7425,NULL,AGUC1372,25019060,NULL,
5278,1049,AGSNA1373,SRI ANNAMAAR AGRO CORPORATION,KRISHNAGIRI,635112,"92/2, SALEM MAIN ROAD,KAVERIPA",9865746730,33AODPM8886M1Z7,AG01,01,25,D015,597,22,Tamil Nadu,75/7425,NULL,AGSNA1373,23148680,NULL,
5280,1049,AGSSC1375,SAI SUJAAN CORPORATION,FARRUKHABAD,209625,FATAHGARH ROAD,8808083786,,AG01,01,25,D012,523,24,Uttar Pradesh,75/7425,NULL,AGSSC1375,23148680,NULL,
5282,1049,AGRPP1378,"RICH PHYTOCARE PVT. LTD.,","THENI DIST.,",625513,"FLAT NO.2B, MAHALAKSHMI ENCLAV",9894061797,,AG01,01,25,D015,631,22,Tamil Nadu,75/7425,NULL,AGRPP1378,23148680,NULL,
5284,1049,AGMMT1384,"MAHADIN MAHAJAN TRADING CO.,",RAEBARELI,229306,RAEBARELI MAHARAJ GANJ ROAD,7607201824,,AG01,01,25,D011,712,24,Uttar Pradesh,75/7425,NULL,AGMMT1384,25009004,NULL,
5313,1049,AGBKM2717,BHARAT KRISHI MACHINERIES,MOTIHARI,845401,"N.H.28A, CHHATAUNI CHOWK, MOTI",7070667766,10AAXFB8985G1ZX,AG01,01,VG,D008,612,04,Bihar,,NULL,AGBKM2717,25003487,NULL,
5402,1049,AGAL1774,ANAND LAKHOTIA,"PUNDIBARI,PUNDIBARI,COOCH",736165,KALARAYERKUTHI,9733285943,19AEJPL9118H2Z4,AG01,01,25,D010,897,25,West Bengal,75/7425,NULL,AGAL1774,25030008,NULL,
5405,1049,AGBS1795,BALASU SUJAN,West Godavari Dist,534452,"3-39, PEDAVEGI,MUNDURU",8332850005,,AG01,01,25,D005,565,01,Andhra Pradesh,75/7425,NULL,AGBS1795,25009433,NULL,
5469,1049,AGNGB1388,NEW GUTTI BASAVESHWAR FERTILISERS,BIDAR,585330,HUMNABAD,9342303506,,AG01,01,25,D007,700,10,Karnataka,,NULL,AGNGB1388,25020388,NULL,
5471,1049,AGTF1387,Tirumala Fertilisers,Raichur,584102,Gunj Road,9060507473,,AG01,01,25,D007,576,10,Karnataka,,NULL,AGTF1387,25009004,NULL,
5728,1049,AGSRFS1010,SRI RAMAKRISHNA FERTILIZERS  PESTIC,"MEDAK DIST., TS",502276,CHINNAKODUR,9866603568,,AG01,01,25,D006,690,01,Andhra Pradesh,75/7425,NULL,AGSRFS1010,25007945,NULL,
5860,1049,AGSSKU1017,SHREE RAM KRUSHI UDYOG,"NASIK DIST., MH",423401,YEVLA,9881556314,,AG01,01,25,D002,562,13,Maharashtra,75/7425,NULL,AGSSKU1017,25009350,NULL,
5965,1049,AGKKS1810,KISAN KHETI STORE,"BHIKHIWIND,TARAN",143303,KEMKARAN ROAD,9815576040,03AAHFM1792J1Z7,AG01,01,25,D013,536,19,Punjab,N.GOPAL KRISHNA,NULL,AGKKS1810,25020388,NULL,
5966,1049,AGSBB1811,SWASTIK BEEJ BHANDAR,"NEHRU ROAD,BHILWARA",311001,NEAR HIND MARUTI WORK SHOP,9829009097,08AXKPS6435Q1ZG,AG01,01,25,D014,699,20,Rajasthan,N.GOPAL KRISHNA,NULL,AGSBB1811,25020249,NULL,
5967,1049,AGRKK1812,RAJA KRISHI KENDRA,"SHOBHANPUR,AMARPUR,BANKA",813101,KUMARKHAL,9162582226,10AOIPV0647N1ZO,AG01,01,25,D008,802,04,Bihar,N.GOPAL KRISHNA,NULL,AGRKK1812,25020249,NULL,
5988,1049,AGKSSP862,KARSHAK SEEDS & SEED PROCESSORS,"GUNTUR DIST., A.P.",522318,"Shop No-23,Indira Gandhi Munic",9440368052,37ALFPK9240E1Z4,AG01,01,25,D005,565,01,Andhra Pradesh,N.GOPAL KRISHNA,NULL,AGKSSP862,23114467,NULL,
6060,1049,AGBT1838,BHOWMIK TRADERS,"UMERKOTE,NABARANGPUR",764073,BAD KUMARI,7682905090,21AJJPB4211A1ZD,AG01,01,25,D004,842,18,Odisha,N.GOPAL KRISHNA,NULL,AGBT1838,25013367,NULL,
6065,1049,AGJBB1817,JORGACHHI BEEJ BHANDAR,"ALAL,GAZOLE,MALDA",732128,"JORGACHHI,",9733307838,19AKSPC5503A1ZH,AG01,01,25,D010,897,25,West Bengal,N.GOPAL KRISHNA,NULL,AGJBB1817,25030008,NULL,
6068,1049,AGSKA1804,SRI KRISHNA AGRO TRADERS,"PRIYAKULAM ROAD,THENI",625531,"263/6, SUBBAN STREET",9443078164,33BHMPS0436A1ZP,AG01,01,25,D015,631,22,Tamil Nadu,N.GOPAL KRISHNA,NULL,AGSKA1804,23151885,NULL,
6110,1049,AGSIAT863,SRI INDU AGRI TECH,"ADILABAD DIST., TELANGANA",504346,UTNOOR MANDAL,8184867737,,AG01,01,25,D006,668,36,Telangana,N.GOPAL KRISHNA,NULL,AGSIAT863,23114467,NULL,
6150,1049,AGSSK1761,SHIV SHAKTI KRISHI KENDRA,JASHPUR,496224,"NEAR BUS STAND,BAGICHA,JASHPUR",9424187651,22ADRPG0464E1ZW,AG01,01,25,D001,687,33,Chhattisgarh,N.GOPAL KRISHNA,NULL,AGSSK1761,25012128,NULL,
6290,1049,AGKSK1826,KRUSHI SEVA KENDRA,"BHUDARGAD,KOLHAPUR",416209,MAIN ROAD,9423856464,27BSOPK8281J1ZZ,AG01,01,25,D002,894,13,Maharashtra,N.GOPAL KRISHNA,NULL,AGKSK1826,25004798,NULL,
6292,1049,AGMS1755,MANAN AGRO,"IRANI ROAD,DAHANU,THANE",401802,"SHOP NO.37, VAIBHAV COMPLEX",8793999888,27ALSPM7824M1Z7,AG01,01,25,D002,838,13,Maharashtra,N.GOPAL KRISHNA,NULL,AGMS1755,25009350,NULL,
6303,1049,AGRT1377,RAZA TRADERS,NABARANGPUR,764077,"MOHARA,CHANDAHANDI,",9938987786,21ABDPM4668E1ZW,AG01,01,25,D004,842,18,Odisha,N.GOPAL KRISHNA,NULL,AGRT1377,25013367,NULL,
6438,1049,AGSAC1708,SHUBHAM AGRO CENTER,FIROZABAD,283152,"EKA,JUSHARANA,JUSHARANA,",9045670506,09ASEPV8619G1Z6,AG01,01,25,D012,695,24,Uttar Pradesh,N.GOPAL KRISHNA,NULL,AGSAC1708,23196156,NULL,
6439,1049,AGAIS1709,"AGRO INDIA SEED CO.,","ISLAMPUR,ISLAMPUR",733202,"ISMAIL CHOWK,NORTH DINAJPUR,",9932190201,19BXHPS0469Q1ZH,AG01,01,25,D008,611,34,Jharkhand,N.GOPAL KRISHNA,NULL,AGAIS1709,23196156,NULL,
6443,1049,AGSAS1715,SAI AGRO SERVICES,"Nashik,",423102,"DEOLA,",9545803464,27BAZPP9548N1ZS,AG01,01,25,D002,562,13,Maharashtra,N.GOPAL KRISHNA,NULL,AGSAS1715,25020388,NULL,
6451,1049,AGSKD1725,"SOHANLAL KALYAN DAS & CO.,",FIROZPUR,142047,"GRAIN MARKET,ZIRA,FIROZPUR",9814750251,03ACVPC3506A1Z9,AG01,01,25,D013,536,19,Punjab,N.GOPAL KRISHNA,NULL,AGSKD1725,23196156,NULL,
6452,1049,AGVAK1726,VIRK AGRO SALES SERVICE,"UDHAM SINGH NAGAR,FIROZPU",263153,"GOLE MARKET,RUDRAPUR",,05ACUPV6157H1ZW,AG01,01,25,D012,523,35,Uttarakhand,N.GOPAL KRISHNA,NULL,AGVAK1726,23196156,NULL,
6515,1049,AGKKK1744,KRISHI KALYAN KENDRA,PATNA,803213,"BAJITPUR ROAD,BARHNI,",9801011318,10AMJPA6770E1ZJ,AG01,01,25,D008,802,04,Bihar,N.GOPAL KRISHNA,NULL,AGKKK1744,25001391,NULL,
6517,1049,AGJKF1746,J.K.FERTILISERS,"SHABAD,R.R.DIST",509217,"H.NO.6-22, NAGARGUDA X ROAD",9704584825,36CCRPK0069C1ZM,AG01,01,25,D006,589,36,Telangana,N.GOPAL KRISHNA,NULL,AGJKF1746,25001391,NULL,
6523,1049,AGJLT1753,JAI LUXMI TRADING COMPANY,KAITHAL,132027,"MALL GODOWN ROAD,",9416871829,06AAOPC1067B1Z8,AG01,01,25,D013,536,07,Haryana,N.GOPAL KRISHNA,NULL,AGJLT1753,23151885,NULL,
6526,1049,AGAKSK1757,AKASH KRUSHI SEVA KENDRA,NASIK,423401,"NEURGAON,YEOLA",9860280544,27AZWPK8769R1ZP,AG01,01,25,D002,562,13,Maharashtra,N.GOPAL KRISHNA,NULL,AGAKSK1757,23151885,NULL,
6527,1049,AGST1758,SAHU TRADERS,"PATEPUR,VAISHALI",843114,BAHUARA,9931102473,10AZKPS3384A1ZM,AG01,01,25,D008,612,04,Bihar,N.GOPAL KRISHNA,NULL,AGST1758,23151885,NULL,
6528,1049,AGSMR1759,SHREE MAHABIR JI RICE & OIL MILLS,DARBHANGA,846004,"DDNUR,DARBHANGA,",9431219268,10AAZPB5751E1ZW,AG01,01,25,D008,614,04,Bihar,N.GOPAL KRISHNA,NULL,AGSMR1759,23151885,NULL,
6529,1049,AGAKS1760,ARUN KRISHI SEWA KENDRA,BALRAMPUR,497118,"PASTA,BALRAMPUR,",9506042263,22BFIPG6236C1ZY,AG01,01,25,D001,687,33,Chhattisgarh,N.GOPAL KRISHNA,NULL,AGAKS1760,25012128,NULL,
6531,1049,AGSKB1765,SAZ KHAD BEEJ BHANDAR,"V MARKET,ARARIA",854311,STATION ROAD,9771621462,10APIPA5399B1ZD,AG01,01,25,D008,611,04,Bihar,N.GOPAL KRISHNA,NULL,AGSKB1765,25020249,NULL,
6532,1049,AGSKW1768,SWABHIMAN KISAN WHEAT PRODUCER CO.,CHITTORGARH,312001,"MEHTA JI KA RAWALA,SENTHI",9784364911,08AAXCS2178R1Z3,AG01,01,25,D014,699,20,Rajasthan,N.GOPAL KRISHNA,NULL,AGSKW1768,25001391,NULL,
6533,1049,AGAFC1770,AGNI FERTILISERS & CHEMICALS,"PUTHUR LTTERI ROAD,NETHIM",636002,315/210-A,9865235050,33AAMFA9488L1ZQ,AG01,01,25,D015,597,22,Tamil Nadu,N.GOPAL KRISHNA,NULL,AGAFC1770,23148680,NULL,
6535,1049,AGSSC1773,SATMILE SATISH CLUB O PATHAGAR,"ELAJANERKUTHI,COOCHBEHA,C",736157,"CHHATELAJAN,ELAJANERKUTHI,COOC",7585924002,19AAAJS3253R1ZE,AG01,01,25,D010,694,25,West Bengal,N.GOPAL KRISHNA,NULL,AGSSC1773,25003487,NULL,
6536,1049,AGJF1775,JYOTI FERTILISER,SL2129151175,854327,"JALALGARH,PURNIA",9939072242,10AYXPM6716G1Z7,AG01,01,25,D008,611,04,Bihar,N.GOPAL KRISHNA,NULL,AGJF1775,25003487,NULL,
6537,1049,AGSVB1776,SIDHI VINAYAK BEEJ BHANDAR,"BANSWARA,",327024,"OPP.VAN VIBHAG,PARTAPUR",9460907771,08BNCPA3258A1ZN,AG01,01,25,D014,699,20,Rajasthan,N.GOPAL KRISHNA,NULL,AGSVB1776,25020249,NULL,
6538,1049,AGPKK1777,PADIYAR KRISHI KENDRA,"BANSWARA,BANSWARA",327604,"ETAUVA,BUYODORE",8769589962,08CSKPP3081N1Z1,AG01,01,25,D014,699,20,Rajasthan,N.GOPAL KRISHNA,NULL,AGPKK1777,25020249,NULL,
6539,1049,AGKCT1778,KARTHIKEYA CROP TECHNOLOGIES,Medchal,501401,"Sy.no.36,ORR, Muneerabad",7013826975,36AAQFK4940F2Z3,AG01,01,25,D006,690,36,Telangana,N.GOPAL KRISHNA,NULL,AGKCT1778,25020388,NULL,
6540,1049,AGLE1782,LAXMI ENTERPRISES,"B.KOTHI,PURNEA",854203,"DEVRI,BHATASARA",9931832198,10CDFPS1248L1ZK,AG01,01,25,D008,611,04,Bihar,N.GOPAL KRISHNA,NULL,AGLE1782,25020249,NULL,
6541,1049,AGSAC1783,SANJAY AGRO COMPANY,"PURNEA,",854205,RUPOULI,9631558717,10AZVPG5747Q1ZN,AG01,01,25,D008,611,04,Bihar,N.GOPAL KRISHNA,NULL,AGSAC1783,25015488,NULL,
6542,1049,AGMKK1784,MAA KALI KHAD BEEJ BHANDAR,"B.KOTHI,PURNEA",854203,"DEBRA BAZAR,",9934491162,10DRGPS6940P2Z7,AG01,01,25,D008,612,04,Bihar,N.GOPAL KRISHNA,NULL,AGMKK1784,25003487,NULL,
6543,1049,AGAF1787,ARUN FERTILIZERS,ARARIA,854333,"BARDAHA,SKITY",9835813580,10BIFPS5197A1ZH,AG01,01,25,D008,611,04,Bihar,N.GOPAL KRISHNA,NULL,AGAF1787,25003487,NULL,
6544,1049,AGKKB1788,KRISHI KHAD BHANDAR,"FATWAH,PATNA",803201,PURANI CHOWK,9334385636,10AHWPK6847L1ZQ,AG01,01,25,D008,802,04,Bihar,N.GOPAL KRISHNA,NULL,AGKKB1788,25003487,NULL,
6546,1049,AGMT1791,MOHIT TRADING,KHAGARIA,851204,SDO ROAD,9709685195,10AHSPV1907G1ZB,AG01,01,25,D008,692,04,Bihar,N.GOPAL KRISHNA,NULL,AGMT1791,25003487,NULL,
6547,1049,AGHS1792,HARI SEEDS,"KOOTUSALAI,CHENNAI,THIRUV",600060,ARUMANDAI,9444244750,33AFGPG4005E1Z7,AG01,01,25,D015,599,22,Tamil Nadu,N.GOPAL KRISHNA,NULL,AGHS1792,25003487,NULL,
6549,1049,AGRCS1796,"RISHITHA CROP SCIENCE PVT. LTD.,","Udaya Nest, Gandhi Nagar,",500080,"H.NO.1-4-879, G-1,Udaya Nest,",7730054567,36AAICR0273R1ZS,AG01,01,25,D006,589,36,Telangana,N.GOPAL KRISHNA,NULL,AGRCS1796,25007622,NULL,
6550,1049,AGGAC1797,GEETA AGRICULTURE CENTER,"NAUGACHIA,BAGHALPUR",853202,"DHOLBAZZA ,NAUGACHIA",9939220727,10APEPK4646R1ZM,AG01,01,25,D008,612,04,Bihar,N.GOPAL KRISHNA,NULL,AGGAC1797,25003487,NULL,
6551,1049,AGKM1798,KUMAR MANOJ,"DHARHARA,MUNGER",811212,STATION ROAD,9431673218,10BNTPM4401N3ZT,AG01,01,25,D008,692,04,Bihar,N.GOPAL KRISHNA,NULL,AGKM1798,25003487,NULL,
6552,1049,AGPKB1799,PAPPU KHAD BEEJ BHANDAR,"BANDRA,BANDRA,MUZAFFARPUR",843115,NON PHAKRA,7250177324,10BFYPR1329R1ZP,AG01,01,25,D008,614,04,Bihar,N.GOPAL KRISHNA,NULL,AGPKB1799,25003487,NULL,
6553,1049,AGSLN1800,SRI LAXMI NARAYAN KRISHI KENDRA,"HARKHAULI,MUZAFFARPUR",843118,"JAMALPUR KODAI,GAIGHAT",8789794190,10ARWPJ9873B1ZJ,AG01,01,25,D008,612,04,Bihar,N.GOPAL KRISHNA,NULL,AGSLN1800,25003487,NULL,
6554,1049,AGAR1801,ANNU RAJ,VAISHALI,844113,"DAUD NAGAR,DAUD NAGAR",9507121608,10EBAPK1603A1ZY,AG01,01,25,D008,612,04,Bihar,N.GOPAL KRISHNA,NULL,AGAR1801,25003487,NULL,
6555,1049,AGBKK1802,BHAGWATI KRISHI KENDRA,"SHAHKUND,BHAGALPUR",813108,"TAHWAL NAGAR,KASWA KHERAHI",9931825246,10CNKPK7731F1Z7,AG01,01,25,D008,611,04,Bihar,N.GOPAL KRISHNA,NULL,AGBKK1802,25003487,NULL,
6557,1049,AGMDD1805,MATHRA DASS DINA NATH,"SHAHKOT,JALANDHAR",144702,"MAIN BAZAR,SHAHKOT",9814045410,03ABNPS8000J1ZL,AG01,01,25,D013,536,19,Punjab,N.GOPAL KRISHNA,NULL,AGMDD1805,25003487,NULL,
6558,1049,AGKSK1806,KISHAN SEVA KENDRA,SHAMBHAL,244302,"BAREILLY ROAD,NEAR OLD TELEPHO",9837631037,09BIWPK5553R1ZO,AG01,01,25,D012,523,24,Uttar Pradesh,N.GOPAL KRISHNA,NULL,AGKSK1806,25003487,NULL,
6559,1049,AGNFF1807,NEW FARMERS FERTILIZERS,"DATAGANJ,BADAUN",243635,ROADWAYS BUS STAND,9412461218,09AFZPG1558F1ZI,AG01,01,25,D019,695,24,Uttar Pradesh,N.GOPAL KRISHNA,NULL,AGNFF1807,25004093,NULL,
6560,1049,AGPKK1814,PRAGYA KRISHI KENDRA,"BACHHIYA,MANDLRA",481995,"ANJANIYA,",9424713942,23BKKPP7291K1ZK,AG01,01,25,D003,804,12,Madhya Pradesh,N.GOPAL KRISHNA,NULL,AGPKK1814,25020221,NULL,
6561,1049,AGVKK1815,VAIBHAV KRISHI KENDRA,"WARA SEONI,BAGHALKOT",481331,WARA SEONI,9407080571,23AFFPT7063J1Z5,AG01,01,25,D003,804,12,Madhya Pradesh,N.GOPAL KRISHNA,NULL,AGVKK1815,25020221,NULL,
6615,1049,AGSRF1742,SRI RAMA FERTILIZERS,"SHAMSHABAD,SHAMSHABAD,R.R",501504,"#401, KAVELIGUDA",9849694358,36CKDPS9674M1Z5,AG01,01,25,D006,589,36,Telangana,75/7425,NULL,AGSRF1742,25007622,NULL,
6721,1049,AGEHX1780,EVOGENE HYBRID SEEDS PRIVATE LIMITE,"Gubba Yellampet Godown,At",501401,"Survey No. 150,",9449671120,,AG01,01,25,D006,589,36,Telangana,75/7425,NULL,AGEHX1780,25003487,NULL,
6722,1049,AGHAA1781,HARI AGRO AGENICES,"KAPAVARAM,E.GODAVARI",533290,"3-167/1, TAMMARAOPET",,,AG01,01,25,D005,565,36,Telangana,75/7425,NULL,AGHAA1781,25003487,NULL,
6738,1049,AGSKD1839,SRI KANAK DURGA ENTERPRISES,"JHARIGAON,NABARANGPUR",764076,JHARIGAON,8658229677,21BTPPR2532F1ZS,AG01,01,25,D004,842,18,Odisha,75/7425,NULL,AGSKD1839,25013367,NULL,
6739,1049,AGUAS1836,UNIVERSAL AGRO SERVICES,"NEAR TAWI 4TH BRIDGE,JAMM",180001,BELICHARANA RAIPUR RAKH,9419303489,01AGLPS0555P1Z1,AG01,01,25,D013,536,09,Jammu and Kashmir,75/7425,NULL,AGUAS1836,25020388,NULL,
6917,1049,AGNF179,NAYAK FERTILISERS,"RIPPONPET,SHIMOGA",577426,"HOSANAGARA ROAD,",9845494240,29ACHPN5079R1ZJ,AG01,01,25,D007,691,10,Karnataka,75/7425,NULL,AGNF179,23132068,NULL,
6918,1049,AGSAK1391,Shivayogeshwar Agro Kendra,Bijapur,111111,Indi,9880894252,,AG01,01,25,D007,807,10,Karnataka,75/7425,NULL,AGSAK1391,23148749,NULL,
6919,1049,AGPR1391,LAKKARAM POSHETTY,NIZAMABAD,503224,JAKRANPALLY MANDAL,8341712008,,AG01,01,25,D006,668,36,Telangana,75/7425,NULL,AGPR1391,23148749,NULL,
7153,1049,AGVBB1392,VIJAI BEEJ BHANDAR,UNNAO,229841,"HASSANGANJ,UNNAO",9935088620,,AG01,01,25,D011,530,24,Uttar Pradesh,75/7425,NULL,AGVBB1392,25015864,NULL,
7226,1049,AGVM1011,VINAYAKA MOTORS,"ANANTHAPUR, AP",515004,OPP.VARTHA OFFICE,9603347444,,AG01,01,25,D005,567,01,Andhra Pradesh,75/7425,NULL,AGVM1011,25007945,NULL,
7227,1049,AGMTFS1013,MANIKANTA TRADERS FERTILISERS SEEDS,"MAHABOOBNAGAR DIST.,",509401,LINGAL,9948698590,36ADWPV6313N1ZK,AG01,01,25,D006,589,36,Telangana,75/7425,NULL,AGMTFS1013,25007622,NULL,
7228,1049,AGSVE1014,SRI VIDYA ENTERPRISES,"KHAMMAM DIST., TS",507210,GARLA,9440582067,,AG01,01,25,D006,592,36,Telangana,75/7425,NULL,AGSVE1014,23140880,NULL,
7229,1049,AGYT1015,SRI YOGESWARA TRADERS,"RANGAREDDY DIST., TS",509217,SHAHBAD,9949217419,,AG01,01,25,D006,589,36,Telangana,75/7425,NULL,AGYT1015,23140880,NULL,
7231,1049,AGSAT1018,SHIVSHAKTHI AGRO TRADERS,TONK,304001,"OPP.GURJAR HOSTEL,SAWAI MADHOP",9214080398,,AG01,01,25,D014,616,20,Rajasthan,75/7425,NULL,AGSAT1018,25001391,NULL,
7232,1049,AGGHA1019,GOLDEN HARVEST AGRO,VILLUPURAM,604001,"PANCHALAM V&M, TINDIVANAM TALU",9940209662,,AG01,01,25,D015,599,22,Tamil Nadu,75/7425,NULL,AGGHA1019,25001391,NULL,
7234,1049,AGARSK1021,AGRO RYTHU SEVA KENDRAM,"WARANGAL DIST., T.S.",506144,GHANPUR STN.,9849164449,,AG01,01,25,D006,592,36,Telangana,75/7425,NULL,AGARSK1021,23140880,NULL,
